{"cameraMode":{"drawMode":0,"name":"Shaded","section":"Shading Mode"},"sceneLighting":false,"audioPlay":false,"sceneViewState":{"showFog":true,"showMaterialUpdate":true,"showSkybox":false,"showFlares":true,"showImageEffects":true,"showParticleSystems":true},"in2DMode":false,"pivot":{"x":-0.004756450653076172,"y":0.40108436346054079,"z":0.0019173622131347657},"rotation":{"x":-0.033904239535331729,"y":0.3760782778263092,"z":0.013772975653409958,"w":0.9259113669395447},"size":3.205461025238037,"orthographic":true}