{"cameraMode":{"drawMode":0,"name":"Shaded","section":"Shading Mode"},"sceneLighting":false,"audioPlay":false,"sceneViewState":{"showFog":true,"showMaterialUpdate":true,"showSkybox":false,"showFlares":true,"showImageEffects":true,"showParticleSystems":true},"in2DMode":false,"pivot":{"x":-5.910831451416016,"y":1.4371585845947266,"z":55.97044372558594},"rotation":{"x":0.15765434503555299,"y":0.6510948538780212,"z":-0.14083951711654664,"w":0.7290184497833252},"size":25.70098876953125,"orthographic":false}