{"cameraMode":{"drawMode":0,"name":"Shaded","section":"Shading Mode"},"sceneLighting":false,"audioPlay":false,"sceneViewState":{"showFog":true,"showMaterialUpdate":true,"showSkybox":false,"showFlares":true,"showImageEffects":true,"showParticleSystems":true},"in2DMode":false,"pivot":{"x":0.746999979019165,"y":1.0,"z":0.0019173622131347657},"rotation":{"x":-0.18674832582473756,"y":0.5457624793052673,"z":-0.1263038069009781,"w":-0.8070772290229797},"size":3.3499996662139894,"orthographic":false}