{"cameraMode":{"drawMode":0,"name":"Shaded","section":"Shading Mode"},"sceneLighting":false,"audioPlay":false,"sceneViewState":{"showFog":true,"showMaterialUpdate":true,"showSkybox":false,"showFlares":true,"showImageEffects":true,"showParticleSystems":true},"in2DMode":false,"pivot":{"x":-0.004756510257720947,"y":0.40108436346054079,"z":-0.04968452453613281},"rotation":{"x":0.22473347187042237,"y":0.1731702834367752,"z":-0.04062322527170181,"w":0.9580941796302795},"size":2.768771171569824,"orthographic":true}