{"cameraMode":{"drawMode":0,"name":"Shaded","section":"Shading Mode"},"sceneLighting":false,"audioPlay":false,"sceneViewState":{"showFog":true,"showMaterialUpdate":true,"showSkybox":false,"showFlares":true,"showImageEffects":true,"showParticleSystems":true},"in2DMode":false,"pivot":{"x":5.572000026702881,"y":8.088000297546387,"z":-41.02999496459961},"rotation":{"x":0.09465479105710983,"y":0.7915267944335938,"z":-0.12692666053771974,"w":0.5903072953224182},"size":0.9499997496604919,"orthographic":true}